Rank,Name,Platform,Year,Genre,Publisher,NA_Sales,EU_Sales,JP_Sales,Other_Sales,Global_Sales
13982,Trine 2,PC,2011.0,Platform,Focus Home Interactive,0.0,0.03,0.0,0.01,0.04
4269,Gremlins,2600,1983.0,Action,Atari,0.43,0.03,0.0,0.0,0.46
5519,Battle Dodge Ball,SNES,1991.0,Sports,Banpresto,0.0,0.0,0.33,0.0,0.33
4476,TimeSplitters 2,GC,2002.0,Shooter,Eidos Interactive,0.34,0.09,0.0,0.01,0.44
13052,Sherlock Holmes: Crimes & Punishments,PC,2014.0,Adventure,Focus Home Interactive,0.0,0.05,0.0,0.0,0.05
10836,Barnyard,PS2,2006.0,Action,THQ,0.05,0.04,0.0,0.01,0.09
12997,Ultra Bust-A-Move,XB,2004.0,Puzzle,505 Games,0.04,0.01,0.0,0.0,0.05
2377,Spec Ops: Ranger Elite,PS,2001.0,Shooter,TalonSoft,0.49,0.33,0.0,0.06,0.87
15723,Arslan: The Warriors of Legend,XOne,2016.0,Action,Tecmo Koei,0.01,0.0,0.0,0.0,0.02
12924,Tour de France 2011,X360,,Racing,Focus Home Interactive,0.0,0.05,0.0,0.01,0.05
14523,Star Trek: Tactical Assault,PSP,2006.0,Strategy,Ubisoft,0.02,0.01,0.0,0.0,0.03
5893,Skylanders: SuperChargers,PS4,2015.0,Action,Activision,0.17,0.08,0.0,0.05,0.3
11752,Jikkyou Powerful Pro Yakyuu 2011 Ketteiban,PS3,2011.0,Sports,Konami Digital Entertainment,0.0,0.0,0.07,0.0,0.07
4230,MX vs. ATV Untamed,PS3,2007.0,Racing,THQ,0.35,0.06,0.0,0.05,0.46
12607,pro evolution soccer 2011,PC,2010.0,Sports,Konami Digital Entertainment,0.0,0.05,0.0,0.01,0.06
4595,All-Star Baseball 2004,PS2,2003.0,Sports,Acclaim Entertainment,0.21,0.16,0.0,0.05,0.42
5201,Assassin's Creed III,WiiU,2012.0,Action,Ubisoft,0.19,0.13,0.0,0.03,0.36
1607,The Witcher 3: Wild Hunt,XOne,2015.0,Role-Playing,Namco Bandai Games,0.66,0.47,0.0,0.11,1.24
6610,Secret Weapons Over Normandy,XB,2003.0,Simulation,LucasArts,0.19,0.05,0.0,0.01,0.25
10459,Exit DS,DS,2008.0,Puzzle,Square Enix,0.09,0.0,0.01,0.01,0.1
602,Sonic Adventure 2 Battle,GC,2001.0,Platform,Sega,1.7,0.59,0.21,0.07,2.56
11639,Daniel X: The Ultimate Power,DS,2010.0,Action,THQ,0.07,0.0,0.0,0.01,0.08
13036,Doraemon: Nobita no Kyouryuu 2006 DS,DS,2006.0,Role-Playing,Sega,0.0,0.0,0.05,0.0,0.05
6563,Army of Two: The Devil's Cartel,X360,2013.0,Shooter,Electronic Arts,0.16,0.07,0.0,0.02,0.26
5805,The Legend of Heroes: Trails of Cold Steel,PSV,2013.0,Role-Playing,Nippon Ichi Software,0.08,0.05,0.14,0.04,0.31
11097,Zoids Assault,X360,2007.0,Strategy,Takara Tomy,0.08,0.0,0.0,0.01,0.09
9749,Cars 2,PSP,2011.0,Racing,Disney Interactive Studios,0.1,0.01,0.0,0.01,0.12
13382,Intellivision Lives!,XB,2004.0,Misc,Crave Entertainment,0.03,0.01,0.0,0.0,0.05
8012,Indiana Jones and the Emperor's Tomb,XB,2003.0,Action,LucasArts,0.14,0.04,0.0,0.01,0.18
13626,Amagami,PSV,2014.0,Adventure,Kadokawa Games,0.0,0.0,0.04,0.0,0.04
10966,Dora's Big Birthday Adventure,DS,2010.0,Misc,Take-Two Interactive,0.08,0.01,0.0,0.01,0.09
11832,Pong / Asteroids / Yars' Revenge,GBA,2005.0,Misc,Zoo Digital Publishing,0.05,0.02,0.0,0.0,0.07
11238,Just Dance Wii U,WiiU,2014.0,Misc,Nintendo,0.0,0.0,0.09,0.0,0.09
6008,Starhawk,PS3,2012.0,Action,Sony Computer Entertainment,0.18,0.05,0.03,0.03,0.29
4118,NCAA Football 09,PS2,2008.0,Sports,Electronic Arts,0.4,0.02,0.0,0.07,0.48
234,Mario & Sonic at the Olympic Winter Games,Wii,2009.0,Sports,Sega,1.89,1.99,0.22,0.48,4.58
9737,Dragon Ball Z: Battle of Z,PSV,2014.0,Fighting,Namco Bandai Games,0.0,0.04,0.06,0.02,0.12
2463,The Incredibles,GC,2004.0,Action,THQ,0.65,0.17,0.0,0.02,0.84
7320,Steins;Gate,PSV,2013.0,Adventure,PQube,0.07,0.09,0.0,0.05,0.21
5988,NBA Street V3,GC,2005.0,Sports,Electronic Arts,0.23,0.06,0.0,0.01,0.29
3244,Vanquish,PS3,2010.0,Shooter,Sega,0.21,0.22,0.11,0.09,0.62
13260,American Chopper 2: Full Throttle,GC,2005.0,Racing,Activision,0.04,0.01,0.0,0.0,0.05
10569,KORG DS-10 Synthesizer Plus,DS,2009.0,Misc,AQ Interactive,0.08,0.0,0.02,0.01,0.1
11697,One Piece: Gear Spirit,DS,2007.0,Fighting,Namco Bandai Games,0.0,0.0,0.08,0.0,0.08
3065,NHL 10,X360,2009.0,Sports,Electronic Arts,0.51,0.1,0.0,0.06,0.66
11259,Winter Sports 2: The Next Challenge,PS2,2008.0,Sports,Conspiracy Entertainment,0.04,0.03,0.0,0.01,0.08
12054,Higurashi no Naku Koro ni Matsuri: Kakera Asobi,PS2,2007.0,Adventure,Alchemist,0.0,0.0,0.07,0.0,0.07
125,FIFA 15,PS4,2014.0,Sports,Electronic Arts,0.79,4.29,0.05,1.47,6.59
13995,NHL 16,PS3,2015.0,Sports,Electronic Arts,0.0,0.03,0.0,0.01,0.04
2137,Skylanders: Spyro's Adventure,X360,2011.0,Action,Activision,0.53,0.35,0.0,0.1,0.97
263,Batman: Arkham Asylum,PS3,2009.0,Action,Eidos Interactive,2.23,1.34,0.07,0.61,4.25
891,Tetris DX,GB,1998.0,Puzzle,Nintendo,1.06,0.6,0.2,0.07,1.93
16008,Sengoku Hime: Senran ni Mau Otometachi,PSP,2009.0,Adventure,Yeti,0.0,0.0,0.01,0.0,0.01
4929,SSX 3,XB,2003.0,Sports,Electronic Arts,0.29,0.08,0.0,0.01,0.39
14715,D1 Professional Drift Grand Prix Series,PS2,2005.0,Racing,Yuke's,0.01,0.01,0.0,0.0,0.03
15277,Taito Legends 2,PS2,2006.0,Misc,Empire Interactive,0.01,0.01,0.0,0.0,0.02
16361,Ishin Renka: Ryouma Gaiden,PSP,2010.0,Adventure,D3Publisher,0.0,0.0,0.01,0.0,0.01
13334,Hoshigami: Ruining Blue Earth,PS,2001.0,Role-Playing,Max Five,0.03,0.02,0.0,0.0,0.05
11758,Futurama,PS2,2003.0,Platform,SCi,0.04,0.03,0.0,0.01,0.07
12782,GunPey,PSP,2006.0,Puzzle,Atari,0.05,0.0,0.0,0.01,0.06
14554,Let's Dance with Mel B,PS3,2011.0,Sports,Black Bean Games,0.0,0.02,0.0,0.01,0.03
4574,Valkyrie Profile: Covenant of the Plume,DS,2008.0,Role-Playing,Square Enix,0.23,0.02,0.16,0.02,0.42
2315,James Bond 007: Agent Under Fire,XB,2002.0,Shooter,Electronic Arts,0.65,0.22,0.0,0.03,0.9
6082,I Spy: Spooky Mansion,Wii,2010.0,Puzzle,Storm City Games,0.27,0.0,0.0,0.02,0.29
10903,Etrian Odyssey 2 Untold: Knight of Fafnir,3DS,2014.0,Role-Playing,Atlus,0.07,0.02,0.0,0.01,0.09
9285,Nitrobike,Wii,2008.0,Racing,Ubisoft,0.11,0.01,0.0,0.01,0.14
960,DDRMAX2: Dance Dance Revolution,PS2,2003.0,Simulation,Konami Digital Entertainment,1.05,0.59,0.0,0.18,1.81
9035,Klonoa: Empire of Dreams,GBA,2001.0,Platform,Infogrames,0.1,0.04,0.0,0.0,0.14
6975,Star Wars: The Force Unleashed II,DS,2010.0,Action,LucasArts,0.18,0.04,0.0,0.02,0.23
7893,Hulk,GC,2003.0,Action,Universal Interactive,0.15,0.04,0.0,0.01,0.19
8832,Suzumiya Haruhi no Yakusoku,PSP,2007.0,Adventure,Namco Bandai Games,0.0,0.0,0.15,0.0,0.15
8770,Wolfenstein: The Old Blood,XOne,2015.0,Action,Bethesda Softworks,0.07,0.07,0.0,0.01,0.15
11557,RoadKill,XB,2003.0,Action,Midway Games,0.06,0.02,0.0,0.0,0.08
13563,Starry ? Sky: After Spring,PSP,2009.0,Misc,Aqua Plus,0.0,0.0,0.04,0.0,0.04
14108,Onechanbara Z Kagura,PS3,2013.0,Action,D3Publisher,0.0,0.0,0.03,0.0,0.03
5649,Cartoon Network Collection: Game Boy Advance Video Platinum Edition,GBA,2005.0,Misc,,0.23,0.08,0.0,0.01,0.32
7589,Dead to Rights II,PS2,2005.0,Shooter,Electronic Arts,0.1,0.08,0.0,0.03,0.2
15976,Vitamin X: Detective B6,PSP,2012.0,Adventure,D3Publisher,0.0,0.0,0.02,0.0,0.02
7005,Looney Tunes: Acme Arsenal,Wii,2007.0,Action,Warner Bros. Interactive Entertainment,0.21,0.01,0.0,0.02,0.23
973,Midnight Club II,PS2,2003.0,Racing,Take-Two Interactive,1.25,0.29,0.0,0.24,1.78
9760,Voodoo Vince,XB,2003.0,Platform,Microsoft Game Studios,0.09,0.03,0.0,0.0,0.12
5153,Need for Speed: The Run,PC,2011.0,Action,Electronic Arts,0.09,0.21,0.0,0.07,0.37
5687,Catherine,X360,2011.0,Adventure,Deep Silver,0.2,0.06,0.03,0.02,0.32
3995,Madden NFL 11,PS2,2010.0,Sports,Electronic Arts,0.41,0.02,0.0,0.07,0.5
7698,Playboy: The Mansion,PS2,2005.0,Simulation,Ubisoft,0.1,0.08,0.0,0.03,0.2
9209,Agile Warrior F-111X,PS,1995.0,Simulation,Virgin Interactive,0.08,0.05,0.0,0.01,0.14
3551,RalliSport Challenge,XB,2002.0,Racing,Microsoft Game Studios,0.39,0.16,0.0,0.02,0.57
16012,Kimi no Yuusha,DS,2008.0,Role-Playing,SNK Playmore,0.0,0.0,0.01,0.0,0.01
12607,pro evolution soccer 2011,PC,2010.0,Sports,Konami Digital Entertainment,0.0,0.05,0.0,0.01,0.06
513,Skylanders: Spyro's Adventure,Wii,2011.0,Action,Activision,1.4,1.14,0.0,0.31,2.85
13836,SuperCar Challenge,PS3,2009.0,Racing,System 3 Arcade Software,0.0,0.03,0.0,0.01,0.04
14135,TOCA Race Driver 3,XB,2006.0,Racing,Codemasters,0.03,0.01,0.0,0.0,0.03
282,Half-Life,PC,1997.0,Shooter,Vivendi Games,4.03,0.0,0.09,0.0,4.12
3977,Madden NFL 07,Wii,2006.0,Sports,Electronic Arts,0.46,0.0,0.0,0.04,0.5
15489,Virtual Kasparov,GBA,2002.0,Strategy,Titus,0.01,0.01,0.0,0.0,0.02
6239,AC/DC LIVE: Rock Band Track Pack,Wii,2008.0,Misc,MTV Games,0.25,0.0,0.0,0.02,0.28
1766,Ninja Gaiden Sigma,PS3,2007.0,Action,Eidos Interactive,0.57,0.33,0.09,0.16,1.15
1719,Spore,PC,2008.0,Strategy,Electronic Arts,0.03,1.06,0.0,0.09,1.17
15115,Big Idea's VeggieTales: LarryBoy and the Bad Apple,PS2,2006.0,Action,Crave Entertainment,0.01,0.01,0.0,0.0,0.02
13343,SD Gundam G Generation World,Wii,2011.0,Strategy,Namco Bandai Games,0.0,0.0,0.05,0.0,0.05
5295,WWE Crush Hour,PS2,2003.0,Racing,THQ,0.17,0.13,0.0,0.04,0.35
11160,Star Wars: Empire at War,PC,2006.0,Strategy,LucasArts,0.01,0.06,0.0,0.02,0.09
12661,Hajime no Ippo Portable: Victorious Spirits,PSP,2007.0,Fighting,Grand Prix Games,0.0,0.0,0.06,0.0,0.06
5995,NBA Live 06,X360,2005.0,Sports,Electronic Arts,0.27,0.0,0.0,0.02,0.29
15780,Worms World Party,PC,2001.0,Strategy,Virgin Interactive,0.0,0.01,0.0,0.0,0.02
2404,Vagrant Story,PS,2000.0,Role-Playing,Crave Entertainment,0.3,0.2,0.3,0.06,0.87
13248,Putty Squad,PSV,2013.0,Platform,System 3,0.02,0.02,0.0,0.01,0.05
13454,Game no Kanzume Vol 1,SCD,1994.0,Misc,Sega,0.0,0.0,0.04,0.0,0.05
3161,Nicktoons Collection: Game Boy Advance Video Volume 1,GBA,2004.0,Misc,,0.46,0.17,0.0,0.01,0.64
7746,Metro: Last Light,PC,2013.0,Action,Deep Silver,0.06,0.11,0.0,0.02,0.19
10448,The Smurfs 2,Wii,2013.0,Platform,Ubisoft,0.0,0.09,0.0,0.01,0.1
15020,Fishdom 2 Deluxe,PC,2010.0,Puzzle,Rondomedia,0.0,0.02,0.0,0.01,0.02
15480,Heroes VS,PSP,2013.0,Fighting,Namco Bandai Games,0.0,0.0,0.02,0.0,0.02
2391,NFL GameDay '97,PS,1996.0,Sports,Sony Computer Entertainment,0.48,0.33,0.0,0.06,0.87
5553,NBA Live 96,PS,1996.0,Sports,Electronic Arts,0.16,0.11,0.04,0.02,0.33
665,Yu-Gi-Oh! The Duelists of the Roses,PS2,2001.0,Misc,Konami Digital Entertainment,1.16,0.91,0.0,0.3,2.38
1305,Triple Play 99,PS,,Sports,,0.81,0.55,0.0,0.1,1.46
8611,Time Hollow,DS,2008.0,Adventure,Konami Digital Entertainment,0.03,0.01,0.11,0.0,0.16
801,World of Warcraft: Cataclysm,PC,2010.0,Role-Playing,Activision,1.77,0.32,0.0,0.0,2.08
10854,The King of Fighters XIV,PS4,2016.0,Fighting,Deep Silver,0.04,0.01,0.03,0.01,0.09
3972,LEGO The Hobbit,X360,2014.0,Action,Warner Bros. Interactive Entertainment,0.2,0.26,0.0,0.04,0.5
3457,Rayman Origins,Wii,2011.0,Platform,Ubisoft,0.23,0.29,0.0,0.07,0.58
4839,Star Wars The Clone Wars: Republic Heroes,X360,2009.0,Action,LucasArts,0.18,0.17,0.0,0.04,0.4
16022,God Eater Off Shot: Soma Shikkuzaru-hen Twin Pack & Animation Vol.4,PS4,2016.0,Action,Namco Bandai Games,0.0,0.0,0.01,0.0,0.01
11737,Wizardry: Llylgamyn Saga,PS,1998.0,Role-Playing,Locus,0.0,0.0,0.07,0.0,0.07
1728,Mega Man 3,NES,1990.0,Platform,Capcom,0.68,0.1,0.39,0.0,1.17
12251,Chrysler Classic Racing,Wii,2008.0,Racing,Zoo Games,0.06,0.0,0.0,0.0,0.06
14430,Summon Night 6: Lost Borders,PS4,2016.0,Action,Namco Bandai Games,0.0,0.0,0.03,0.0,0.03
11511,Famicom Mini: SD Gundam World Gachapon Senshi - Scramble Wars,GBA,2004.0,Strategy,Nintendo,0.0,0.0,0.08,0.0,0.08
1842,Arc the Lad,PS,1995.0,Role-Playing,Sony Computer Entertainment,0.0,0.0,1.1,0.01,1.11
5607,Bigfoot: Collision Course,Wii,2008.0,Racing,Zoo Digital Publishing,0.3,0.0,0.0,0.02,0.32
2943,WWE 2K15,X360,2014.0,Sports,Take-Two Interactive,0.38,0.26,0.0,0.06,0.69
16237,Broken Sword 5: The Serpent's Curse,XOne,2015.0,Adventure,Revolution Software,0.0,0.01,0.0,0.0,0.01
3798,Tom Clancy's Ghost Recon Advanced Warfighter 2,PSP,2007.0,Shooter,Ubisoft,0.35,0.1,0.0,0.08,0.53
7787,Risen,X360,2009.0,Role-Playing,Deep Silver,0.07,0.11,0.0,0.01,0.19
11940,Tornado,DS,,Action,Ignition Entertainment,0.07,0.0,0.0,0.0,0.07
8278,Power Pro Kun Pocket,GB,1999.0,Sports,Konami Digital Entertainment,0.0,0.0,0.17,0.0,0.17
12028,Operation: Vietnam,DS,2007.0,Shooter,Majesco Entertainment,0.06,0.0,0.0,0.0,0.07
11022,Great Party Games,Wii,2010.0,Misc,O-Games,0.0,0.08,0.0,0.01,0.09
4002,Tony Hawk's Underground 2,GC,2004.0,Sports,Activision,0.38,0.1,0.0,0.01,0.5
4575,The Legend of Spyro: The Eternal Night,PS2,2007.0,Platform,Vivendi Games,0.21,0.16,0.0,0.05,0.42
4783,Disney Sing It! High School Musical 3: Senior Year,PS3,2008.0,Misc,Disney Interactive Studios,0.08,0.26,0.0,0.07,0.4
12172,X-Men: The Official Game,GBA,2006.0,Action,Activision,0.05,0.02,0.0,0.0,0.07
14978,"Ed, Edd n Eddy: The Mis-Edventures",XB,2005.0,Platform,Midway Games,0.02,0.01,0.0,0.0,0.02
8872,Rocky,XB,2002.0,Fighting,Rage Software,0.11,0.03,0.0,0.01,0.15
6311,Rhythm Thief & the Emperor's Treasure,3DS,2012.0,Misc,Sega,0.07,0.07,0.12,0.01,0.27
13781,Nobunaga's Ambition: Sphere of Influence,PS4,2014.0,Strategy,Tecmo Koei,0.03,0.0,0.0,0.01,0.04
15607,Aqua Panic!,DS,2009.0,Puzzle,Neko Entertainment,0.01,0.01,0.0,0.0,0.02
891,Tetris DX,GB,1998.0,Puzzle,Nintendo,1.06,0.6,0.2,0.07,1.93
8305,Hanjuku Eiyuu Tai 3D,PS2,2003.0,Role-Playing,Square Enix,0.0,0.0,0.17,0.0,0.17
4992,Cabela's Dangerous Hunts 2009,Wii,2008.0,Sports,Activision Value,0.36,0.0,0.0,0.03,0.38
1104,NBA Ballers,PS2,2004.0,Sports,Midway Games,0.81,0.63,0.0,0.21,1.66
3644,Legends of WrestleMania,PS3,2009.0,Fighting,THQ,0.3,0.17,0.0,0.07,0.55
9900,Hatsune Miku: Project Diva X,PSV,2016.0,Misc,Sega,0.01,0.0,0.1,0.0,0.12
9875,Onimusha: Blade Warriors,PS2,2003.0,Fighting,Capcom,0.06,0.05,0.0,0.02,0.12
14234,EverBlue 2,PS2,2002.0,Adventure,Capcom,0.02,0.01,0.0,0.0,0.03
3555,NHL 14,PS3,2013.0,Sports,Electronic Arts,0.28,0.19,0.0,0.09,0.57
1427,Burnout Paradise,X360,2008.0,Racing,Electronic Arts,0.63,0.58,0.01,0.15,1.36
6551,Karaoke Joysound Wii,Wii,2008.0,Misc,Hudson Soft,0.01,0.0,0.25,0.0,0.26
3074,Legend of Legaia,PS,1998.0,Role-Playing,Sony Computer Entertainment,0.37,0.25,0.0,0.04,0.66
357,Luigi's Mansion,GC,2001.0,Action,Nintendo,2.38,0.67,0.46,0.1,3.6
14404,Kiniro no Corda 3,PS2,2010.0,Adventure,Tecmo Koei,0.0,0.0,0.03,0.0,0.03
10774,Dead or Alive 5,PSV,2013.0,Fighting,Tecmo Koei,0.0,0.05,0.03,0.02,0.1
6586,NASCAR 09,PS3,2008.0,Racing,Electronic Arts,0.22,0.01,0.0,0.02,0.26
917,Hot Shots Golf 2,PS,1999.0,Sports,Sony Computer Entertainment,0.25,0.12,1.48,0.03,1.88
11401,Initial D: Extreme Stage,PS3,2008.0,Racing,Sega,0.0,0.0,0.08,0.0,0.08
7822,NBA Live 14,XOne,2013.0,Sports,Electronic Arts,0.16,0.02,0.0,0.01,0.19
6193,NFL Blitz 20-02,PS2,2002.0,Sports,Midway Games,0.14,0.11,0.0,0.04,0.28
9672,NHL 2K7,PS3,2006.0,Sports,Take-Two Interactive,0.11,0.0,0.0,0.01,0.12
15450,Germany's Next Topmodel 2011,Wii,2011.0,Simulation,7G//AMES,0.0,0.02,0.0,0.0,0.02
8124,SingStar Motown,PS3,2009.0,Misc,Sony Computer Entertainment,0.0,0.16,0.0,0.02,0.18
6240,My Japanese Coach,DS,2008.0,Misc,Ubisoft,0.25,0.0,0.0,0.02,0.28
8581,The Wild Thornberrys: Chimp Chase,GBA,2001.0,Action,THQ,0.11,0.04,0.0,0.0,0.16
3234,Wet,PS3,2009.0,Shooter,Bethesda Softworks,0.22,0.27,0.01,0.11,0.63
2669,Freedom Wars,PSV,2014.0,Role-Playing,Sony Computer Entertainment,0.22,0.14,0.32,0.1,0.77
14073,Planescape: Torment,PC,1998.0,Role-Playing,Interplay,0.01,0.02,0.0,0.01,0.04
1923,Red Dead Redemption: Undead Nightmare,X360,2010.0,Action,Take-Two Interactive,0.57,0.39,0.02,0.09,1.07
6576,"SpongeBob SquarePants: Lights, Camera, Pants!",XB,2005.0,Misc,THQ,0.19,0.06,0.0,0.01,0.26
1847,Lumines: Puzzle Fusion,PSP,2004.0,Puzzle,Ubisoft,0.52,0.35,0.0,0.23,1.11
15095,Kimi ga Aruji de Shitsuji ga Ore de: Oshie Nikki,PS2,2008.0,Adventure,Minato Station,0.0,0.0,0.02,0.0,0.02
15008,11eyes: CrossOver,X360,2009.0,Adventure,5pb,0.0,0.0,0.02,0.0,0.02
14951,Juusanshi Engi Engetsu Sangokuden 2,PSP,2014.0,Action,Idea Factory,0.0,0.0,0.02,0.0,0.02
4025,Tony Hawk's Underground 2,GBA,2004.0,Sports,Activision,0.35,0.13,0.0,0.01,0.49
16349,Dinotopia: The Sunstone Odyssey,XB,2003.0,Action,TDK Mediactive,0.01,0.0,0.0,0.0,0.01
16379,Super Bubble Pop,XB,2002.0,Puzzle,Jaleco,0.01,0.0,0.0,0.0,0.01
2011,Tom Clancy's Ghost Recon Advanced Warfighter 2,PS3,2007.0,Shooter,Ubisoft,0.34,0.48,0.02,0.19,1.04
13252,Far Cry,PC,2004.0,Shooter,Ubisoft,0.0,0.04,0.0,0.01,0.05
2337,Fire Emblem: The Sacred Stones,GBA,2004.0,Strategy,Nintendo,0.42,0.16,0.3,0.02,0.89
5272,Nicktoons: Unite!,GC,2005.0,Adventure,THQ,0.27,0.07,0.0,0.01,0.35
9232,Cities: Skylines,PC,2015.0,Simulation,Paradox Interactive,0.0,0.13,0.0,0.01,0.14
4281,Jak and Daxter: The Lost Frontier,PS2,2009.0,Platform,Sony Computer Entertainment,0.22,0.17,0.0,0.06,0.46
5722,Namco Museum: Virtual Arcade,X360,2008.0,Misc,Atari,0.27,0.01,0.01,0.02,0.31
8790,Marvel Super Hero Squad: The Infinity Gauntlet,X360,2010.0,Action,THQ,0.12,0.02,0.0,0.01,0.15
14195,Cabela's Outdoor Adventures,GC,2005.0,Sports,Activision,0.03,0.01,0.0,0.0,0.03
3093,F1 2015,PS4,2015.0,Racing,Codemasters,0.09,0.44,0.03,0.09,0.66
2861,Dragon Quest Swords: The Masked Queen and the Tower of Mirrors,Wii,2007.0,Role-Playing,Square Enix,0.18,0.01,0.5,0.02,0.71
9657,Geometry Wars: Galaxies,Wii,2007.0,Shooter,Vivendi Games,0.11,0.0,0.0,0.01,0.13
4847,The Urbz: Sims in the City,GC,2004.0,Simulation,Electronic Arts,0.24,0.14,0.0,0.02,0.4
2728,Harvest Moon: Animal Parade,Wii,2008.0,Simulation,Rising Star Games,0.6,0.09,0.02,0.05,0.76
7049,Luminous Arc 2,DS,2008.0,Role-Playing,Rising Star Games,0.21,0.0,0.0,0.02,0.23
16201,AKB1/48: Idol to Guam de Koishitara...,X360,,Misc,,0.0,0.0,0.01,0.0,0.01
7091,Disney Princess: Enchanted Journey,PS2,2007.0,Adventure,Disney Interactive Studios,0.11,0.09,0.0,0.03,0.23
319,The Legend of Zelda: Link's Awakening,GB,1992.0,Action,Nintendo,2.21,0.96,0.54,0.13,3.83
11331,Gundam Seed: Battle Assault,GBA,2004.0,Fighting,Namco Bandai Games,0.06,0.02,0.0,0.0,0.08
3656,F.E.A.R.,PS3,2007.0,Shooter,Vivendi Games,0.18,0.27,0.0,0.1,0.55
8014,Buffy the Vampire Slayer: Chaos Bleeds,PS2,2003.0,Action,Vivendi Games,0.09,0.07,0.0,0.02,0.18
14565,Worms,PS3,2009.0,Strategy,Sony Computer Entertainment,0.0,0.02,0.0,0.01,0.03
10149,Disney's Peter Pan: Return to Never Land,GBA,2002.0,Platform,Ubisoft,0.08,0.03,0.0,0.0,0.11
7775,NCAA Final Four 2003,PS2,2002.0,Sports,Sony Computer Entertainment,0.09,0.07,0.0,0.02,0.19
15998,Football Manager Live,PC,2009.0,Sports,Sega,0.0,0.01,0.0,0.0,0.01
11381,Derby Stallion 98,SNES,1998.0,Sports,ASCII Entertainment,0.0,0.0,0.08,0.0,0.08
15669,Gadget Racers (PAL),PS2,2002.0,Racing,Zoo Digital Publishing,0.0,0.0,0.02,0.0,0.02
13450,Nora to Koku no Koubou: Kiri no Mori no Majo,DS,2011.0,Role-Playing,Atlus,0.0,0.0,0.05,0.0,0.05
9470,Disruptor,PS,1995.0,Shooter,Interplay,0.07,0.05,0.0,0.01,0.13
5554,Clash of the Titans,PS3,2010.0,Action,Namco Bandai Games,0.09,0.16,0.01,0.06,0.33
3255,Tak 2: The Staff of Dreams,PS2,2004.0,Platform,THQ,0.3,0.24,0.0,0.08,0.62
12288,Ikki Tousen: Xross Impact,PSP,2010.0,Action,Marvelous Interactive,0.0,0.0,0.06,0.0,0.06
9883,Psychonauts,XB,2005.0,Platform,THQ,0.09,0.03,0.0,0.0,0.12
2672,Need for Speed: Porsche Unleashed,PS,1999.0,Racing,Electronic Arts,0.43,0.29,0.0,0.05,0.77
10428,My First Dollhouse,DS,2010.0,Misc,505 Games,0.1,0.0,0.0,0.01,0.1
13676,System 3 presents Ferrari Challenge Trofeo Pirelli,DS,2008.0,Racing,System 3 Arcade Software,0.03,0.01,0.0,0.0,0.04
3622,Monster Jam: Path of Destruction,Wii,2010.0,Racing,Activision,0.5,0.02,0.0,0.03,0.56
89,Pokémon Platinum Version,DS,2008.0,Role-Playing,Nintendo,2.82,1.78,2.69,0.55,7.84
856,Harry Potter and the Chamber of Secrets,PS,2002.0,Action,Electronic Arts,0.75,1.09,0.02,0.12,1.98
14651,Tago Akira no Atama no Taisou Dai-2-Shuu: Ginga Oudan Nazotoki Adventure,DS,2009.0,Adventure,Level 5,0.0,0.0,0.03,0.0,0.03
8376,Beat Down: Fists of Vengeance,PS2,2005.0,Action,Capcom,0.04,0.03,0.09,0.01,0.17
1436,Marvel vs. Capcom 3: Fate of Two Worlds,PS3,2011.0,Fighting,Capcom,0.81,0.29,0.11,0.14,1.35
16003,Smart Kid's Mega Game Mix,DS,2009.0,Misc,UFO Interactive,0.01,0.0,0.0,0.0,0.01
13211,Adventure Time: Explore the Dungeon Because I Don't Know!,PS3,2013.0,Action,D3Publisher,0.02,0.02,0.0,0.01,0.05
10311,Final Fantasy I & II,NES,1994.0,Role-Playing,Square,0.0,0.0,0.11,0.0,0.11
5918,Capcom Classics Collection Remixed,PSP,2006.0,Misc,Capcom,0.27,0.0,0.0,0.03,0.3
3879,Way of the Samurai,PS2,2002.0,Action,Eidos Interactive,0.13,0.1,0.25,0.03,0.51
8852,The Legend of Heroes: Trails of Cold Steel II,PSV,2014.0,Role-Playing,Nippon Ichi Software,0.02,0.0,0.13,0.01,0.15
8178,Driver: San Francisco,Wii,2011.0,Racing,Ubisoft,0.06,0.09,0.0,0.02,0.18
9699,Solitaire & Mahjong,Wii,2009.0,Puzzle,Crave Entertainment,0.11,0.0,0.0,0.01,0.12
14648,Pacific Liberator,Wii,2009.0,Action,Zoo Games,0.03,0.0,0.0,0.0,0.03
11670,PQ: Practical Intelligence Quotient,PSP,2005.0,Puzzle,D3Publisher,0.07,0.0,0.0,0.01,0.08
11543,Yuu Yuu Hakusho: Makyo Toitsusen,GEN,1994.0,Fighting,Sega,0.0,0.0,0.08,0.0,0.08
1448,The Simpsons: Hit & Run,XB,2003.0,Racing,Vivendi Games,0.7,0.58,0.0,0.07,1.35
943,Demon's Souls,PS3,2009.0,Role-Playing,Namco Bandai Games,0.97,0.34,0.35,0.18,1.84
759,Syphon Filter 2,PS,2000.0,Shooter,Sony Computer Entertainment,1.5,0.55,0.02,0.08,2.15
14363,RoadKill,GC,2003.0,Action,Midway Games,0.02,0.01,0.0,0.0,0.03
5928,Taiko no Tatsujin Wii: Minna de Party * 3-Yome!,Wii,2010.0,Misc,Namco Bandai Games,0.0,0.0,0.3,0.0,0.3
7527,Mobile Suit Gundam: Crossfire,PS3,2006.0,Simulation,Namco Bandai Games,0.06,0.0,0.14,0.01,0.2
9381,SingStar Latino,PS2,2007.0,Misc,Sony Computer Entertainment,0.07,0.05,0.0,0.02,0.13
16415,Time Leap,X360,2009.0,Adventure,Prototype,0.0,0.0,0.01,0.0,0.01
9391,James Bond 007: Legends,WiiU,2012.0,Shooter,Activision,0.07,0.05,0.0,0.01,0.13
5440,World Championship Poker 2: Featuring Howard Lederer,PS2,2005.0,Misc,Oxygen Interactive,0.16,0.13,0.0,0.04,0.34
5282,Mini Ninjas,PS3,2009.0,Action,Eidos Interactive,0.14,0.16,0.0,0.06,0.35
2187,Brutal Legend,PS3,2009.0,Action,Electronic Arts,0.54,0.28,0.0,0.13,0.95
4151,NBA Live 99,N64,1998.0,Sports,Electronic Arts,0.45,0.02,0.0,0.0,0.47
4054,Backyard Baseball,PS2,2004.0,Sports,Atari,0.24,0.19,0.0,0.06,0.49
5757,Hot Wheels Turbo Racing,N64,1999.0,Racing,Electronic Arts,0.25,0.06,0.0,0.0,0.31
5644,Karaoke Revolution Volume 3,PS2,2004.0,Misc,Konami Digital Entertainment,0.16,0.12,0.0,0.04,0.32
12926,TrackMania Turbo: Build to Race,DS,2010.0,Racing,Ubisoft,0.03,0.02,0.0,0.01,0.05
5835,Spyro: Attack of the Rhynocs,GBA,2003.0,Platform,Universal Interactive,0.22,0.08,0.0,0.01,0.3
10701,Scribblenauts Unmasked: A DC Comics Adventure,3DS,2013.0,Puzzle,Warner Bros. Interactive Entertainment,0.09,0.0,0.0,0.01,0.1
11078,Action Man-Operation Extreme,PS,,Action,,0.05,0.03,0.0,0.01,0.09
10481,May's Mystery: Forbidden Memories,DS,2011.0,Puzzle,Mastertronic,0.05,0.04,0.0,0.01,0.1
9347,Go Play: Circus Star,Wii,2009.0,Action,Majesco Entertainment,0.12,0.0,0.0,0.01,0.13
14490,Golden Nugget Casino / Texas Hold 'Em Double Pack,GBA,2005.0,Misc,Majesco Entertainment,0.02,0.01,0.0,0.0,0.03
7280,Jikkyou Powerful Major League,PS2,2006.0,Sports,Konami Digital Entertainment,0.0,0.0,0.22,0.0,0.22
12604,Metal Max 4: Gekkou no Diva,3DS,2013.0,Role-Playing,Kadokawa Shoten,0.0,0.0,0.06,0.0,0.06
15252,Order of War,PC,2009.0,Strategy,Square Enix,0.0,0.01,0.0,0.0,0.02
2497,The Price is Right,Wii,2008.0,Misc,Ubisoft,0.77,0.0,0.0,0.06,0.83
11747,Boku no Natsuyasumi Portable 2: Nazo Nazo Shimai to Chinbotsusen no Himitsu,PSP,2010.0,Adventure,Sony Computer Entertainment,0.0,0.0,0.07,0.0,0.07
15687,Winning Post 8 2016,PS4,2016.0,Simulation,Tecmo Koei,0.0,0.0,0.02,0.0,0.02
2952,Minecraft: Story Mode,PS3,2015.0,Adventure,Mojang,0.25,0.33,0.0,0.11,0.69
14661,Kamigami no Asobi,PSP,2013.0,Adventure,Broccoli,0.0,0.0,0.03,0.0,0.03
13133,Atelier Rorona: Alchemist of Arland,PSV,2013.0,Role-Playing,Nippon Ichi Software,0.0,0.0,0.05,0.0,0.05
6098,PGA Tour 97,PS,1996.0,Sports,Electronic Arts,0.16,0.11,0.0,0.02,0.29
13465,Phoenix Wright: Revived Turnabout,DS,2008.0,Misc,Capcom,0.0,0.0,0.04,0.0,0.04
9332,Legendary,PS3,2008.0,Shooter,Atari,0.08,0.03,0.0,0.02,0.13
5618,Sniper Elite 3,X360,2014.0,Shooter,505 Games,0.16,0.14,0.0,0.03,0.32
686,Grand Theft Auto,PS,1997.0,Action,Take-Two Interactive,0.79,1.35,0.04,0.14,2.32
342,Banjo-Kazooie,N64,1998.0,Platform,Nintendo,1.87,1.13,0.55,0.1,3.65
10618,SNK vs. Capcom: SVC Chaos,XB,2004.0,Fighting,Ignition Entertainment,0.08,0.02,0.0,0.0,0.1
8320,Tokyo Xtreme Racer,DC,1999.0,Racing,Genki,0.0,0.0,0.17,0.0,0.17
11779,Gladius,GC,2003.0,Strategy,Activision,0.06,0.01,0.0,0.0,0.07
1381,Call of Duty: Black Ops,Wii,2010.0,Shooter,Activision,0.82,0.47,0.0,0.12,1.4
16219,Bakumatsu Rock,PSP,2014.0,Action,Marvelous Entertainment,0.0,0.0,0.01,0.0,0.01
1008,Pro Evolution Soccer,PS2,2001.0,Sports,Konami Digital Entertainment,0.06,0.9,0.53,0.27,1.75
13099,Kinnikuman Muscle Grand Prix Max,PS2,2006.0,Fighting,Konami Digital Entertainment,0.0,0.0,0.05,0.0,0.05
14509,Suzumiya Haruhi no Chokuretsu,DS,2009.0,Adventure,Sega,0.0,0.0,0.03,0.0,0.03
15447,Spanish for Everyone!,DS,2007.0,Puzzle,Activision,0.02,0.0,0.0,0.0,0.02
9957,Ultimate Puzzle Games: Sudoku Edition,DS,2007.0,Puzzle,Telegames,0.11,0.0,0.0,0.01,0.12
3192,Tony Hawk's Pro Skater 2x,XB,2001.0,Sports,Activision,0.41,0.19,0.0,0.03,0.63
8406,Densetsu no Stafi 4,DS,2006.0,Platform,Nintendo,0.0,0.0,0.17,0.0,0.17
8883,Pro Yaky? Spirits 6,PS3,2009.0,Sports,Konami Digital Entertainment,0.0,0.0,0.15,0.0,0.15
3922,Disgaea 3: Absence of Justice,PS3,2008.0,Role-Playing,Square Enix,0.32,0.04,0.11,0.04,0.51
1206,Ni no Kuni: Wrath of the White Witch,PS3,2011.0,Role-Playing,Namco Bandai Games,0.6,0.51,0.21,0.23,1.55
5146,Bottom of the 9th,N64,1999.0,Sports,Konami Digital Entertainment,0.37,0.0,0.0,0.0,0.37
9654,Conduit 2,Wii,2011.0,Shooter,Sega,0.07,0.04,0.0,0.01,0.13
3989,RPG Maker,PS,1997.0,Role-Playing,ASCII Entertainment,0.11,0.07,0.29,0.03,0.5
8203,NFL 2K2,XB,2002.0,Sports,Sega,0.13,0.04,0.0,0.01,0.18
6854,Paws & Claws: Pet Resort,DS,2008.0,Simulation,THQ,0.22,0.0,0.0,0.02,0.24
4244,Crayon Shin-Chan: Arashi o Yobu Enji,SNES,1993.0,Platform,Namco Bandai Games,0.0,0.0,0.46,0.0,0.46
2336,The Jak and Daxter Collection,PS3,2012.0,Platform,Sony Computer Entertainment,0.6,0.19,0.0,0.1,0.89
10488,Road Rash: Jailbreak,GBA,2003.0,Racing,Zoo Digital Publishing,0.07,0.03,0.0,0.0,0.1
896,The Legend of Zelda: Oracle of Ages,GB,2001.0,Action,Nintendo,0.92,0.53,0.41,0.06,1.92
15350,The Idolmaster: Gravure For You! Vol.8,PS3,2012.0,Action,Namco Bandai Games,0.0,0.0,0.02,0.0,0.02
2190,Evolve,PS4,2015.0,Shooter,Take-Two Interactive,0.35,0.41,0.05,0.15,0.95
14342,My Pet Shop (JP sales),DS,2008.0,Simulation,Square Enix,0.0,0.0,0.03,0.0,0.03
883,Dragon Ball Z: Budokai 3,PS2,2004.0,Fighting,Atari,1.09,0.15,0.65,0.04,1.94
15956,Girl Friend Beta: Kimi to Sugosu Natsuyasumi,PSV,2015.0,Action,Namco Bandai Games,0.0,0.0,0.02,0.0,0.02
16401,Petz: Hamsterz Life 2,GBA,2007.0,Misc,Ubisoft,0.01,0.0,0.0,0.0,0.01
346,Jak and Daxter: The Precursor Legacy,PS2,2001.0,Platform,Sony Computer Entertainment,2.08,1.09,0.15,0.33,3.64
6231,SimCity 2000,SAT,1994.0,Simulation,Sega,0.0,0.0,0.28,0.0,0.28
9874,"Ed, Edd n Eddy: The Mis-Edventures",GBA,2005.0,Platform,Midway Games,0.08,0.03,0.0,0.0,0.12
8203,NFL 2K2,XB,2002.0,Sports,Sega,0.13,0.04,0.0,0.01,0.18
13985,Worms: Ultimate Mayhem,PC,2011.0,Strategy,Unknown,0.0,0.03,0.0,0.0,0.04
542,The Sims,PS2,2003.0,Simulation,Electronic Arts,1.41,1.12,0.0,0.24,2.77
4298,Mother 1+2,GBA,2003.0,Role-Playing,Nintendo,0.0,0.0,0.45,0.01,0.46
10584,Guitar Hero: Van Halen,PS2,2009.0,Misc,Activision,0.05,0.04,0.0,0.01,0.1
921,Star Fox Adventures,GC,2002.0,Adventure,Nintendo,0.96,0.53,0.3,0.09,1.87
12421,Muppets Party Cruise,PS2,2003.0,Misc,TDK Mediactive,0.03,0.02,0.0,0.01,0.06
7203,Aliens vs Predator: Requiem,PSP,2007.0,Action,Vivendi Games,0.03,0.12,0.0,0.07,0.22
15994,Donkey Kong Jungle Beat,Wii,2008.0,Platform,Nintendo,0.0,0.01,0.0,0.0,0.01
4462,Puppy Luv: Spa and Resort,DS,2007.0,Simulation,Activision,0.4,0.0,0.0,0.03,0.44
2251,NHL 98,PS,1997.0,Sports,Electronic Arts,0.51,0.35,0.0,0.06,0.92
7226,Mega Man 64,N64,2000.0,Action,Capcom,0.14,0.03,0.05,0.0,0.22
2759,Borderlands: The Pre-Sequel,X360,2014.0,Shooter,Take-Two Interactive,0.46,0.22,0.01,0.06,0.75
8187,Brunswick Cosmic Bowling,Wii,2010.0,Sports,GameMill Entertainment,0.17,0.0,0.0,0.01,0.18
15976,Vitamin X: Detective B6,PSP,2012.0,Adventure,D3Publisher,0.0,0.0,0.02,0.0,0.02
3959,Midnight Club II,XB,2003.0,Racing,Take-Two Interactive,0.42,0.06,0.0,0.02,0.5
7326,NBA,PSP,2005.0,Sports,Sony Computer Entertainment,0.2,0.0,0.0,0.02,0.21
2812,DiRT 3,X360,2011.0,Racing,Codemasters,0.23,0.41,0.01,0.08,0.73
12022,The Legend of Heroes: Trails in the Sky First Chapter,PSV,2015.0,Role-Playing,Kadokawa Shoten,0.0,0.0,0.07,0.0,0.07
2440,Blazing Angels: Squadrons of WWII,Wii,2007.0,Simulation,Ubisoft,0.74,0.04,0.0,0.06,0.85
9989,Puzzler World 2,DS,2010.0,Puzzle,Ubisoft,0.02,0.07,0.0,0.02,0.12
1233,The Simpsons Skateboarding,PS2,2002.0,Sports,Electronic Arts,0.36,0.9,0.0,0.27,1.52
11731,Nicola Kanshuu: Model Oshare * Audition Platina,3DS,2012.0,Action,Alchemist,0.0,0.0,0.08,0.0,0.08
11035,Cardfight!! Vanguard: Ride to Victory,3DS,2013.0,Misc,FuRyu,0.0,0.0,0.09,0.0,0.09
10442,F1 Career Challenge,PS2,2003.0,Racing,Electronic Arts,0.05,0.04,0.0,0.01,0.1
7721,Marvel Super Hero Squad: Comic Combat,Wii,2011.0,Action,THQ,0.15,0.03,0.0,0.01,0.2
7771,Jissen Pachi-Slot Hisshouhou,SNES,1993.0,Misc,Sammy Corporation,0.0,0.0,0.19,0.0,0.19
9328,Nayuta no Kiseki,PSP,2012.0,Action,Nihon Falcom Corporation,0.0,0.0,0.14,0.0,0.14
14880,D.C. III: Da Capo III,PSP,2013.0,Adventure,Kadokawa Games,0.0,0.0,0.03,0.0,0.03
14441,Bad Apple Wars,PSV,2015.0,Action,Idea Factory,0.0,0.0,0.03,0.0,0.03
14919,DEATH NOTE: L o Tsugu Mono,DS,2007.0,Adventure,Konami Digital Entertainment,0.0,0.0,0.02,0.0,0.02
6026,Top Gear Overdrive,N64,1998.0,Racing,Kemco,0.23,0.06,0.0,0.0,0.29
5076,Shin Megami Tensei: Devil Survivor Overclocked,3DS,2011.0,Role-Playing,Ghostlight,0.28,0.01,0.06,0.02,0.38
3621,Rune Factory: A Fantasy Harvest Moon,DS,2006.0,Role-Playing,Rising Star Games,0.37,0.02,0.14,0.03,0.56
14513,Casino Chaos With Las Vegas Players Collection,PC,2011.0,Misc,THQ,0.03,0.0,0.0,0.0,0.03
8418,Lost Kingdoms,GC,2002.0,Role-Playing,Activision,0.1,0.02,0.04,0.0,0.17
1413,Need for Speed: The Run,X360,2011.0,Action,Electronic Arts,0.63,0.58,0.0,0.15,1.38
3630,Dragon Ball: XenoVerse,PS3,2015.0,Fighting,Namco Bandai Games,0.15,0.2,0.14,0.07,0.55
5083,Petz Rescue: Ocean Patrol,DS,2008.0,Adventure,Ubisoft,0.35,0.0,0.0,0.03,0.37
471,wwe Smackdown vs. Raw 2006,PS2,,Fighting,,1.57,1.02,0.0,0.41,3.0
11417,Cloudy With a Chance of Meatballs,PSP,2009.0,Platform,Ubisoft,0.07,0.0,0.0,0.01,0.08
7430,Vampire Rain,X360,2007.0,Action,Microsoft Game Studios,0.18,0.0,0.01,0.01,0.21
10922,Puyo Pop Fever (JP sales),DS,2004.0,Puzzle,Ignition Entertainment,0.0,0.0,0.09,0.0,0.09
10484,Ridge Racer 2,PSP,2006.0,Racing,Sony Computer Entertainment,0.0,0.03,0.07,0.01,0.1
7889,Tamagotchi Party On!,Wii,2006.0,Misc,Namco Bandai Games,0.12,0.0,0.06,0.01,0.19
15094,Ikki Tousen: Shining Dragon,PS2,2007.0,Role-Playing,Marvelous Interactive,0.0,0.0,0.02,0.0,0.02
10277,Silly Bandz: Play The Craze,DS,2010.0,Puzzle,Deep Silver,0.1,0.0,0.0,0.01,0.11
1445,Battlefield: Bad Company,PS3,2008.0,Shooter,Electronic Arts,0.76,0.36,0.05,0.18,1.35
15747,Cross + Channel,PSP,2010.0,Adventure,CyberFront,0.0,0.0,0.02,0.0,0.02
4149,Double Dragon,2600,1989.0,Action,Activision,0.45,0.02,0.0,0.01,0.47
3252,LEGO Pirates of the Caribbean: The Video Game,3DS,2011.0,Action,Disney Interactive Studios,0.29,0.28,0.0,0.06,0.62
14707,The Last Guy,PS3,2009.0,Action,Sony Computer Entertainment,0.0,0.0,0.03,0.0,0.03
358,Star Wars: Battlefront II,PS2,2005.0,Shooter,LucasArts,2.18,1.02,0.03,0.37,3.59
6377,Section 8,X360,2009.0,Shooter,SouthPeak Games,0.15,0.09,0.0,0.03,0.27
1313,Medal of Honor: Warfighter,PS3,2012.0,Action,Electronic Arts,0.47,0.65,0.06,0.28,1.46
12582,Izuna 2: The Unemployed Ninja Returns,DS,2007.0,Role-Playing,Success,0.05,0.0,0.0,0.0,0.06
5934,Mega Man ZX,DS,2006.0,Platform,Capcom,0.18,0.0,0.1,0.02,0.3
1510,Pitfall II: Lost Caverns,2600,1983.0,Platform,Activision,1.22,0.07,0.0,0.02,1.31
10459,Exit DS,DS,2008.0,Puzzle,Square Enix,0.09,0.0,0.01,0.01,0.1
10156,American Girl: Julie Finds a Way,DS,2007.0,Adventure,THQ,0.1,0.0,0.0,0.01,0.11
5235,WWE '12,Wii,2011.0,Fighting,THQ,0.24,0.09,0.0,0.03,0.36
7951,Call of Duty: World at War,PC,2008.0,Shooter,Activision,0.02,0.13,0.0,0.03,0.19
12858,NFL Quarterback Club 2002,GC,2001.0,Sports,Acclaim Entertainment,0.04,0.01,0.0,0.0,0.05
14677,Shin Koihime Musou: Otome Ryouran * Sangokushi Engi - Wu-Hen,PSP,2010.0,Adventure,Yeti,0.0,0.0,0.03,0.0,0.03
6776,Catz,GBA,2005.0,Simulation,Ubisoft,0.18,0.06,0.0,0.0,0.24
10397,Kuroko's Basketball: Miracle Game,PSP,2012.0,Sports,Namco Bandai Games,0.0,0.0,0.11,0.0,0.11
673,LEGO Harry Potter: Years 1-4,DS,2010.0,Action,Warner Bros. Interactive Entertainment,1.07,1.05,0.0,0.23,2.35
11950,Metal Gear Solid,GB,2000.0,Action,Konami Digital Entertainment,0.0,0.0,0.07,0.0,0.07
8453,The Sims 3: Seasons,PC,2012.0,Simulation,Electronic Arts,0.0,0.13,0.0,0.03,0.17
14746,RollerCoaster Tycoon 2: Triple Thrill Pack,PC,2003.0,Strategy,Atari,0.0,0.02,0.0,0.01,0.03
5859,Cart World Series,PS,1997.0,Racing,Sony Computer Entertainment,0.17,0.11,0.0,0.02,0.3
13795,Surf's Up,PS3,2007.0,Sports,Ubisoft,0.03,0.0,0.0,0.0,0.04
14996,Tropico 4: Modern Times,PC,2012.0,Strategy,Kalypso Media,0.0,0.02,0.0,0.0,0.02
2037,The Lost World: Jurassic Park,PS,1997.0,Action,Electronic Arts,0.57,0.39,0.0,0.07,1.02
8271,ESPN Final Round Golf 2002,GBA,2001.0,Sports,Konami Digital Entertainment,0.12,0.05,0.0,0.0,0.17
3823,Return to Castle Wolfenstein: Operation Resurrection,PS2,2003.0,Shooter,Activision,0.26,0.2,0.0,0.07,0.53
9739,Summon Night 3,PSP,2012.0,Role-Playing,Namco Bandai Games,0.0,0.0,0.12,0.0,0.12
9121,Dead to Rights,GC,2002.0,Shooter,Electronic Arts,0.11,0.03,0.0,0.0,0.14
7983,La Pucelle: Tactics,PS2,2002.0,Role-Playing,Tecmo Koei,0.09,0.07,0.0,0.02,0.19
9961,Tecmo Super Bowl,PS,1996.0,Sports,Tecmo Koei,0.06,0.04,0.0,0.01,0.12
9304,Open Season,DS,2006.0,Platform,Ubisoft,0.12,0.0,0.0,0.01,0.14
5060,Just Dance 2015,PS4,2014.0,Misc,Ubisoft,0.19,0.13,0.0,0.06,0.38
1692,Pro Evolution Soccer 2008,Wii,2008.0,Sports,Konami Digital Entertainment,0.09,0.84,0.11,0.15,1.19
13235,Blazing Souls: Accelate,PSP,2009.0,Role-Playing,Idea Factory,0.04,0.0,0.01,0.0,0.05
11862,Squishy Tank,DS,2010.0,Puzzle,Natsume,0.07,0.0,0.0,0.0,0.07
14078,A Game of Thrones: Genesis,PC,2011.0,Strategy,Focus Home Interactive,0.0,0.03,0.0,0.01,0.04
15015,Ferrari Challenge Trofeo Pirelli Deluxe,Wii,2009.0,Racing,System 3 Arcade Software,0.0,0.02,0.0,0.0,0.02
8349,Disney TH!NK Fast: The Ultimate Trivia Showdown,PS2,2008.0,Misc,Disney Interactive Studios,0.08,0.06,0.0,0.02,0.17
13796,Fritz Chess,PS3,2009.0,Strategy,Deep Silver,0.0,0.03,0.0,0.01,0.04
6048,DX Game of Life,PS,1996.0,Misc,Takara,0.0,0.0,0.27,0.02,0.29
5865,Squinkies,DS,2011.0,Misc,Activision,0.27,0.02,0.0,0.02,0.3
10157,Contra Advance: The Alien Wars EX,GBA,2002.0,Shooter,Konami Digital Entertainment,0.08,0.03,0.0,0.0,0.11
10071,Stubbs the Zombie in Rebel Without a Pulse,XB,2005.0,Action,THQ,0.08,0.02,0.0,0.0,0.11
2949,Test Drive Unlimited 2,X360,,Racing,Atari,0.3,0.32,0.0,0.07,0.69
16154,SoulCalibur Legends (JP sales),Wii,2007.0,Action,Namco Bandai Games,0.0,0.0,0.01,0.0,0.01
16064,Digger Simulator,PC,2011.0,Simulation,Excalibur Publishing,0.0,0.01,0.0,0.0,0.01
13677,Luxor: Pharaoh's Challenge,Wii,,Puzzle,Funsta,0.01,0.03,0.0,0.0,0.04
2,Super Mario Bros.,NES,1985.0,Platform,Nintendo,29.08,3.58,6.81,0.77,40.24
4773,Knockout Kings 2001,PS,2000.0,Fighting,Electronic Arts,0.23,0.15,0.0,0.03,0.41
13341,NightCaster II: Equinox,XB,2002.0,Action,Jaleco,0.03,0.01,0.0,0.0,0.05
11717,Baroque,Wii,2008.0,Role-Playing,Rising Star Games,0.07,0.0,0.0,0.0,0.08
3255,Tak 2: The Staff of Dreams,PS2,2004.0,Platform,THQ,0.3,0.24,0.0,0.08,0.62
6504,Smart Girl's Playhouse,DS,2007.0,Misc,505 Games,0.24,0.0,0.0,0.02,0.26
9366,Ben 10 Galactic Racing,3DS,2011.0,Racing,D3Publisher,0.07,0.06,0.0,0.01,0.13
11534,World Series of Poker 2008: Battle for the Bracelets,X360,2007.0,Misc,Activision,0.06,0.01,0.0,0.01,0.08
14795,AMNESIA World,PSV,2014.0,Adventure,Idea Factory,0.0,0.0,0.03,0.0,0.03
10163,Mobile Suit Gundam: MS Sensen 0079,Wii,2007.0,Simulation,Namco Bandai Games,0.0,0.0,0.11,0.0,0.11
8183,TRON: Evolution,DS,2010.0,Action,Disney Interactive Studios,0.12,0.04,0.0,0.01,0.18
15850,Final Fantasy XI: All-In-One Pack 2006,X360,2006.0,Role-Playing,Square Enix,0.0,0.0,0.02,0.0,0.02
6068,Sonic & All-Stars Racing Transformed,3DS,2012.0,Racing,Sega,0.12,0.15,0.0,0.02,0.29
15201,Darksiders,PS3,2010.0,Action,THQ,0.01,0.01,0.0,0.0,0.02
10870,Altered Beast: Guardian of the Realms,GBA,2002.0,Action,THQ,0.07,0.02,0.0,0.0,0.09
5300,Def Jam Rapstar,Wii,2010.0,Misc,Konami Digital Entertainment,0.31,0.02,0.0,0.02,0.35
6879,NCAA March Madness 2004,XB,2003.0,Sports,Electronic Arts,0.18,0.05,0.0,0.01,0.24
9084,The Legend of Heroes II: Prophecy of the Moonlight Witch,PSP,2004.0,Role-Playing,Namco Bandai Games,0.03,0.0,0.11,0.0,0.14
725,LEGO Indiana Jones: The Original Adventures,DS,2008.0,Action,Activision,1.42,0.61,0.0,0.21,2.23
7383,Naruto: Clash of Ninja (JP sales),GC,2003.0,Fighting,Tomy Corporation,0.0,0.0,0.21,0.01,0.21
4103,Jeopardy!,PS2,2003.0,Misc,Atari,0.24,0.18,0.0,0.06,0.48
12219,Parlor! Mini 2,SNES,1996.0,Misc,Nippon Telenet,0.0,0.0,0.07,0.0,0.07
10063,Grease,DS,2010.0,Misc,505 Games,0.1,0.0,0.0,0.01,0.11
5738,Einhänder,PS,1997.0,Shooter,SquareSoft,0.1,0.07,0.13,0.02,0.31
2775,Brink,PS3,2011.0,Shooter,Bethesda Softworks,0.29,0.32,0.01,0.12,0.74
11780,Adventure Time: Finn & Jake Investigations,3DS,2015.0,Action,Little Orbit,0.02,0.05,0.0,0.01,0.07
12003,NHL 2K9,Wii,2008.0,Sports,Take-Two Interactive,0.06,0.0,0.0,0.01,0.07
7134,Petz Monkeyz House,DS,2008.0,Simulation,Ubisoft,0.2,0.0,0.0,0.02,0.23
12779,Gold and Glory: The Road to El Dorado,PS,2000.0,Adventure,Ubisoft,0.03,0.02,0.0,0.0,0.06
2104,Farming Simulator 2013,PC,2012.0,Simulation,Focus Home Interactive,0.0,0.8,0.0,0.18,0.99
2710,Syphon Filter: The Omega Strain,PS2,2004.0,Shooter,Sony Computer Entertainment,0.37,0.29,0.0,0.1,0.76
8302,N3 II: Ninety-Nine Nights,X360,2010.0,Action,Microsoft Game Studios,0.06,0.07,0.04,0.01,0.17
7665,My Secret World by Imagine,DS,2008.0,Misc,Ubisoft,0.0,0.2,0.0,0.0,0.2
3734,Terminator Salvation,PS3,2009.0,Shooter,Warner Bros. Interactive Entertainment,0.13,0.29,0.01,0.11,0.54
5783,Lord of the Rings: Battle for Middle-Earth,X360,2006.0,Strategy,Electronic Arts,0.28,0.0,0.0,0.02,0.31
10273,Transformers: Beast Wars Transmetals,PS,2000.0,Fighting,BAM! Entertainment,0.06,0.04,0.0,0.01,0.11
959,The Evil Within,PS4,2014.0,Action,Bethesda Softworks,0.55,0.84,0.11,0.31,1.81
15323,The Testament of Sherlock Holmes,X360,2012.0,Adventure,Focus Home Interactive,0.0,0.02,0.0,0.0,0.02
6904,XS Airboat Racing,PS,2002.0,Racing,XS Games,0.13,0.09,0.0,0.02,0.24
2969,The Last Remnant,X360,2008.0,Role-Playing,Square Enix,0.25,0.2,0.18,0.06,0.69
678,WWE SmackDown vs Raw 2008,PS2,2007.0,Fighting,THQ,0.92,0.0,0.01,1.41,2.34
15950,Accel World: Kasoku no Chouten,PS3,2013.0,Adventure,Namco Bandai Games,0.0,0.0,0.02,0.0,0.02
7118,Buzz! Junior: RoboJam,PS2,2007.0,Misc,Sony Computer Entertainment,0.11,0.09,0.0,0.03,0.23
11138,Little League World Series Baseball: Double Play,Wii,2010.0,Sports,Activision,0.08,0.0,0.0,0.01,0.09
8074,Jewel Match,DS,2010.0,Puzzle,PlayV,0.05,0.12,0.0,0.02,0.18
14760,Let's Sing 2016,PS4,2015.0,Action,FuRyu Corporation,0.02,0.0,0.0,0.01,0.03
4338,Enemy Territory: Quake Wars,X360,2008.0,Shooter,Activision,0.3,0.11,0.0,0.04,0.45
2028,FIFA Soccer 08,Wii,2007.0,Sports,Electronic Arts,0.32,0.59,0.01,0.11,1.02
6497,Final Fantasy Crystal Chronicles: Echoes of Time,Wii,2009.0,Role-Playing,Square Enix,0.13,0.06,0.05,0.02,0.26
7793,Dante's Inferno,PSP,2010.0,Action,Electronic Arts,0.12,0.03,0.01,0.03,0.19
13527,Sonic the Hedgehog 2 (8-bit),GG,1992.0,Platform,Sega,0.0,0.0,0.04,0.0,0.04
15859,Storm Lover 2nd,PSP,2013.0,Misc,D3Publisher,0.0,0.0,0.02,0.0,0.02
7392,Champion Jockey: G1 Jockey & Gallop Racer,PS3,2011.0,Sports,Tecmo Koei,0.06,0.05,0.08,0.02,0.21
11555,Tomb Raider: Legend,GC,2006.0,Action,Eidos Interactive,0.06,0.02,0.0,0.0,0.08
6549,Legaia 2: Duel Saga,PS2,2001.0,Role-Playing,Eidos Interactive,0.13,0.1,0.0,0.03,0.26
8183,TRON: Evolution,DS,2010.0,Action,Disney Interactive Studios,0.12,0.04,0.0,0.01,0.18
7336,Backyard NFL Football '09,Wii,2008.0,Sports,Atari,0.2,0.0,0.0,0.02,0.21
8746,FIFA Street 2,PSP,2006.0,Sports,Electronic Arts,0.07,0.06,0.0,0.03,0.15
4160,Hamsterz Life,DS,2006.0,Action,Ubisoft,0.43,0.01,0.0,0.04,0.47
1364,Dead Space,X360,2008.0,Action,Electronic Arts,0.89,0.4,0.0,0.13,1.42
7,New Super Mario Bros.,DS,2006.0,Platform,Nintendo,11.38,9.23,6.5,2.9,30.01
7074,Rocket League,PS4,2016.0,Sports,505 Games,0.02,0.14,0.0,0.07,0.23
8200,Namco Museum: 50th Anniversary,XB,2005.0,Misc,Namco Bandai Games,0.13,0.04,0.0,0.01,0.18
10831,Egg Monster Hero,DS,,Role-Playing,Square Enix,0.0,0.0,0.09,0.0,0.09
10719,Horse Life Adventures,DS,2008.0,Simulation,Deep Silver,0.08,0.01,0.0,0.01,0.1
7338,Akiba's Trip: Undead & Undressed,PSV,2013.0,Action,Nippon Ichi Software,0.09,0.02,0.08,0.03,0.21
7705,Ratatouille,GBA,2007.0,Action,THQ,0.14,0.05,0.0,0.0,0.2
1912,Spore Creatures,DS,2008.0,Simulation,Electronic Arts,0.67,0.3,0.0,0.11,1.08
6251,Myst III: Exile,PS2,2002.0,Adventure,Ubisoft,0.14,0.11,0.0,0.04,0.28
2455,Spider-Man 2,GC,2004.0,Action,Activision,0.65,0.17,0.0,0.02,0.84
2635,The 7th Guest,PC,1992.0,Adventure,Virgin Interactive,0.01,0.77,0.0,0.0,0.78
14171,Driven,GBA,2001.0,Racing,BAM! Entertainment,0.02,0.01,0.0,0.0,0.03
1955,NFL Blitz,N64,1998.0,Sports,Midway Games,1.02,0.04,0.0,0.01,1.06
9543,Shin Megami Tensei: Digital Devil Saga,PS2,2004.0,Role-Playing,Ghostlight,0.06,0.05,0.0,0.02,0.13
9872,Fit in Six,Wii,2011.0,Sports,Ubisoft,0.11,0.0,0.0,0.01,0.12
3113,MLB 14: The Show,PS4,2014.0,Sports,Sony Computer Entertainment America,0.58,0.0,0.0,0.07,0.65
16141,WTA Tour Tennis,XB,2002.0,Sports,Konami Digital Entertainment,0.01,0.0,0.0,0.0,0.01
7804,Need for Speed: The Run,3DS,2011.0,Action,Electronic Arts,0.09,0.09,0.0,0.02,0.19
14658,Battlefield Vietnam,PC,2004.0,Shooter,Electronic Arts,0.0,0.02,0.0,0.0,0.03
16553,God Eater Off Shot: Tachibana Sakuya-hen Twin Pack & Animation Vol.7,PS4,2016.0,Action,Namco Bandai Games,0.0,0.0,0.01,0.0,0.01
4073,Momotarou Dentetsu X: Kyuushuu-hen mo Arubai,PS2,2001.0,Misc,Hudson Soft,0.0,0.0,0.49,0.0,0.49
7758,Petz Pony: Beauty Pageant,DS,2009.0,Simulation,Ubisoft,0.18,0.0,0.0,0.01,0.19
5112,Cabela's Deer Hunt 2005 Season,PS2,2004.0,Sports,Activision,0.18,0.14,0.0,0.05,0.37
13877,Shonen Jump's One Piece: Grand Adventure,GC,2006.0,Fighting,Namco Bandai Games,0.03,0.01,0.0,0.0,0.04
12010,Reader Rabbit 1st Grade,Wii,2010.0,Misc,Graffiti,0.07,0.0,0.0,0.0,0.07
9045,Monster House,PS2,2006.0,Adventure,THQ,0.07,0.05,0.0,0.02,0.14
5510,Custom Robo,N64,,Role-Playing,Nintendo,0.0,0.0,0.29,0.04,0.33
6791,Army Men: Sarge's Heroes 2,PS,2000.0,Shooter,3DO,0.14,0.09,0.0,0.02,0.24
12953,Growlanser: Heritage of War (jp sales),PS2,2006.0,Role-Playing,Rising Star Games,0.0,0.0,0.05,0.0,0.05
16214,Tomoyo After: It's a Wonderful Life CS Edition,PS2,2007.0,Adventure,Prototype,0.0,0.0,0.01,0.0,0.01
15171,Super Nazo Puyo Tsuu: Ruruu no Tetsuwan Hanjyouki,SNES,1996.0,Puzzle,Compile,0.0,0.0,0.02,0.0,0.02
12062,Strike Point,PS,1996.0,Simulation,Elite,0.04,0.03,0.0,0.0,0.07
4699,World Soccer Jikkyou Winning Eleven 2000: U-23 Medal heno Chousen,PS,2000.0,Sports,Konami Digital Entertainment,0.0,0.0,0.39,0.03,0.41
10776,InuYasha: Secret of the Divine Jewel,DS,2007.0,Role-Playing,Namco Bandai Games,0.09,0.0,0.0,0.01,0.1
7920,Monsters vs. Aliens,PS2,2009.0,Action,Activision,0.11,0.0,0.0,0.08,0.19
2764,Ace Combat: Assault Horizon,PS3,2011.0,Action,Namco Bandai Games,0.3,0.16,0.22,0.07,0.74
16370,Dance with Devils,PSV,2016.0,Action,,0.0,0.0,0.01,0.0,0.01
3172,Wolfenstein,PS3,2009.0,Shooter,Activision,0.25,0.28,0.0,0.11,0.64
14288,Disney's Hide & Sneak,GC,2003.0,Action,Capcom,0.03,0.01,0.0,0.0,0.03
1728,Mega Man 3,NES,1990.0,Platform,Capcom,0.68,0.1,0.39,0.0,1.17
7548,Jillian Michaels' Fitness Adventure,X360,2011.0,Misc,505 Games,0.17,0.02,0.0,0.01,0.2
4677,Zone of the Enders: The 2nd Runner,PS2,2003.0,Simulation,Konami Digital Entertainment,0.15,0.12,0.11,0.04,0.41
13796,Fritz Chess,PS3,2009.0,Strategy,Deep Silver,0.0,0.03,0.0,0.01,0.04
11292,Sega GT Online,XB,2003.0,Racing,Sega,0.06,0.02,0.0,0.0,0.08
15642,Lara Croft and the Temple of Osiris,PC,2014.0,Action,Square Enix,0.0,0.02,0.0,0.0,0.02
15633,Robopon 2: Cross Version,GBA,2001.0,Role-Playing,Hudson Entertainment,0.01,0.0,0.0,0.0,0.02
4352,Plants vs. Zombies: Garden Warfare 2,PS4,2016.0,Shooter,Electronic Arts,0.17,0.21,0.0,0.07,0.45
7864,Puyo Puyo Sun 64,N64,1997.0,Puzzle,Compile,0.0,0.0,0.16,0.03,0.19
3290,NFL Fever 2003,XB,2002.0,Sports,Microsoft Game Studios,0.46,0.13,0.0,0.02,0.61
12989,Dead or Alive Xtreme 3: Fortune,PS4,2016.0,Sports,Tecmo Koei,0.0,0.0,0.05,0.0,0.05
16426,SoniPro,3DS,2014.0,Adventure,imageepoch Inc.,0.0,0.0,0.01,0.0,0.01
5418,Angry Birds Star Wars,3DS,2013.0,Strategy,Activision,0.15,0.15,0.0,0.03,0.34
15708,Sarah: Keeper of the Unicorn,DS,2009.0,Adventure,DreamCatcher Interactive,0.02,0.0,0.0,0.0,0.02
15383,Cross Treasures,DS,2009.0,Role-Playing,Square Enix,0.0,0.0,0.02,0.0,0.02
1479,UFC Undisputed 2010,X360,2010.0,Fighting,THQ,0.9,0.31,0.0,0.11,1.33
16275,Chaos;Head Noah,PSV,2014.0,Adventure,5pb,0.0,0.0,0.01,0.0,0.01
3279,Tomb Raider III: Adventures of Lara Croft,PC,1998.0,Action,Eidos Interactive,0.59,0.03,0.0,0.0,0.62
9001,Barbarian,PS2,2002.0,Fighting,Titus,0.07,0.06,0.0,0.02,0.14
12866,Learn Science,DS,2010.0,Misc,DreamCatcher Interactive,0.05,0.0,0.0,0.0,0.05
14629,Calcio Bit,GBA,2006.0,Sports,Nintendo,0.0,0.0,0.03,0.0,0.03
15403,Psycho-Pass: Mandatory Happiness,PSV,2016.0,Adventure,Nippon Ichi Software,0.0,0.01,0.01,0.0,0.02
5566,Fireball,2600,1981.0,Action,Starpath Corp.,0.3,0.02,0.0,0.0,0.33
9829,Grand Theft Auto: San Andreas,X360,2008.0,Action,Take-Two Interactive,0.08,0.03,0.0,0.01,0.12
14844,SWAT 4,PC,2005.0,Shooter,Vivendi Games,0.0,0.02,0.0,0.0,0.03
13407,Centipede: Infestation,3DS,2011.0,Shooter,Atari,0.04,0.0,0.0,0.0,0.05
4436,G-Force,Wii,2009.0,Action,Disney Interactive Studios,0.19,0.2,0.0,0.05,0.44
16128,Tantei Jinguuji Saburo DS: Fuserareta Shinjitsu,DS,2009.0,Adventure,Arc System Works,0.0,0.0,0.01,0.0,0.01
16289,War for the Overworld,PC,2015.0,Strategy,Unknown,0.0,0.01,0.0,0.0,0.01
4104,Destroy All Humans! 2,PS2,2006.0,Action,THQ,0.4,0.02,0.0,0.07,0.48
5209,Saban's Power Rangers: Lightspeed Rescue,N64,2000.0,Action,THQ,0.29,0.06,0.0,0.0,0.36
2135,Fire Emblem,GBA,2003.0,Strategy,Nintendo,0.49,0.18,0.29,0.01,0.97
13750,Harukanaru Toki no Naka de 5,PSP,2011.0,Role-Playing,Tecmo Koei,0.0,0.0,0.04,0.0,0.04
8869,Burger Island,Wii,2009.0,Action,Destineer,0.14,0.0,0.0,0.01,0.15
5329,Aggressive Inline,PS2,2002.0,Sports,Acclaim Entertainment,0.17,0.13,0.0,0.04,0.35
6148,Viewtiful Joe,PS2,2004.0,Action,Capcom,0.14,0.11,0.0,0.04,0.28
1342,Rayman Raving Rabbids,Wii,2006.0,Misc,Ubisoft,1.23,0.07,0.02,0.11,1.44
2772,Mortal Kombat: Unchained,PSP,2006.0,Fighting,Midway Games,0.67,0.01,0.0,0.06,0.74
11688,Rogue Trooper: Quartz Zone Massacre,Wii,2009.0,Shooter,Reef Entertainment,0.07,0.0,0.0,0.01,0.08
5493,Little Deviants,PSV,2011.0,Platform,Sony Computer Entertainment,0.15,0.13,0.0,0.05,0.33
12255,187: Ride or Die,XB,2005.0,Racing,Ubisoft,0.05,0.01,0.0,0.0,0.06
8847,Castlevania: Lords of Shadow - Mirror of Fate,3DS,2013.0,Action,Konami Digital Entertainment,0.04,0.07,0.03,0.01,0.15
364,James Bond 007: Agent Under Fire,PS2,2001.0,Shooter,Electronic Arts,1.9,1.13,0.1,0.41,3.53
13109,ESPN International Winter Sports 2002,GC,2002.0,Sports,Konami Digital Entertainment,0.04,0.01,0.0,0.0,0.05
5882,Fossil Fighters (JP sales),DS,2008.0,Role-Playing,Nintendo,0.0,0.0,0.3,0.0,0.3
152,Resident Evil 2,PS,1998.0,Action,Virgin Interactive,1.88,1.47,2.02,0.45,5.82
1702,Final Fantasy I & II: Dawn of Souls,GBA,2004.0,Role-Playing,Nintendo,0.64,0.24,0.29,0.02,1.19
4560,Petz: Horsez 2,Wii,2007.0,Simulation,Ubisoft,0.39,0.0,0.0,0.03,0.43
